,Unnamed: 0,utc_datetime,local_datetime,value,live,ensemblevalue
0,0,2021-08-01T04:00:00+00:00,2021-08-01T00:00:00-04:00,15695.224,15222,15324.11182
1,1,2021-08-01T05:00:00+00:00,2021-08-01T01:00:00-04:00,14592.688,14578,14450.84424
2,2,2021-08-01T06:00:00+00:00,2021-08-01T02:00:00-04:00,14150.77,14109,13995.88477
3,3,2021-08-01T07:00:00+00:00,2021-08-01T03:00:00-04:00,13832.956,13808,13680.97803
4,4,2021-08-01T08:00:00+00:00,2021-08-01T04:00:00-04:00,13614.18,13652,13484.08984
5,5,2021-08-01T09:00:00+00:00,2021-08-01T05:00:00-04:00,13548.465,13630,13436.23242
6,6,2021-08-01T10:00:00+00:00,2021-08-01T06:00:00-04:00,13165.507,13667,13253.75342
7,7,2021-08-01T11:00:00+00:00,2021-08-01T07:00:00-04:00,13980.6045,14193,13889.30225
8,8,2021-08-01T12:00:00+00:00,2021-08-01T08:00:00-04:00,14907.379,14992,14754.18945
9,9,2021-08-01T13:00:00+00:00,2021-08-01T09:00:00-04:00,15634.334,15771,15483.16699
10,10,2021-08-01T14:00:00+00:00,2021-08-01T10:00:00-04:00,16258.379,16559,16158.68945
11,11,2021-08-01T15:00:00+00:00,2021-08-01T11:00:00-04:00,16747.467,17187,16771.7334
12,12,2021-08-01T16:00:00+00:00,2021-08-01T12:00:00-04:00,17041.686,17725,17230.84277
13,13,2021-08-01T17:00:00+00:00,2021-08-01T13:00:00-04:00,17531.668,17956,17719.83398
14,14,2021-08-01T18:00:00+00:00,2021-08-01T14:00:00-04:00,18434.012,18210,18355.00586
15,15,2021-08-01T19:00:00+00:00,2021-08-01T15:00:00-04:00,18915.594,18297,18733.79688
16,16,2021-08-01T20:00:00+00:00,2021-08-01T16:00:00-04:00,19692.451,18496,19263.72559
17,17,2021-08-01T21:00:00+00:00,2021-08-01T17:00:00-04:00,20261.92,18735,19664.45996
18,18,2021-08-01T22:00:00+00:00,2021-08-01T18:00:00-04:00,20121.783,18712,19481.3916
19,19,2021-08-01T23:00:00+00:00,2021-08-01T19:00:00-04:00,19630.229,18488,19081.11426
20,20,2021-08-02T00:00:00+00:00,2021-08-01T20:00:00-04:00,19178.684,18442,18905.3418
21,21,2021-08-02T01:00:00+00:00,2021-08-01T21:00:00-04:00,18732.64,18067,18472.82031
22,22,2021-08-02T02:00:00+00:00,2021-08-01T22:00:00-04:00,18019.035,17226,17647.01758
23,23,2021-08-02T03:00:00+00:00,2021-08-01T23:00:00-04:00,17056.553,16258,16675.77637
0,0,2021-08-02T04:00:00+00:00,2021-08-02T00:00:00-04:00,15161.436,15465,15031.71777
1,1,2021-08-02T05:00:00+00:00,2021-08-02T01:00:00-04:00,14740.515,14858,14555.25732
2,2,2021-08-02T06:00:00+00:00,2021-08-02T02:00:00-04:00,14327.259,14454,14163.62939
3,3,2021-08-02T07:00:00+00:00,2021-08-02T03:00:00-04:00,14280.14,14179,14051.06982
4,4,2021-08-02T08:00:00+00:00,2021-08-02T04:00:00-04:00,14142.977,14175,14038.98828
5,5,2021-08-02T09:00:00+00:00,2021-08-02T05:00:00-04:00,14575.633,14650,14510.31641
6,6,2021-08-02T10:00:00+00:00,2021-08-02T06:00:00-04:00,15908.72,15470,15579.35986
7,7,2021-08-02T11:00:00+00:00,2021-08-02T07:00:00-04:00,17323.826,16638,16795.41309
8,8,2021-08-02T12:00:00+00:00,2021-08-02T08:00:00-04:00,18134.938,17575,17661.46875
9,9,2021-08-02T13:00:00+00:00,2021-08-02T09:00:00-04:00,18433.174,18207,18104.58691
10,10,2021-08-02T14:00:00+00:00,2021-08-02T10:00:00-04:00,18780.7,18674,18515.34961
11,11,2021-08-02T15:00:00+00:00,2021-08-02T11:00:00-04:00,19150.615,19098,18958.30762
12,12,2021-08-02T16:00:00+00:00,2021-08-02T12:00:00-04:00,19982.068,19475,19599.53418
13,13,2021-08-02T17:00:00+00:00,2021-08-02T13:00:00-04:00,20355.688,19781,20032.34375
14,14,2021-08-02T18:00:00+00:00,2021-08-02T14:00:00-04:00,20792.777,20100,20417.88867
15,15,2021-08-02T19:00:00+00:00,2021-08-02T15:00:00-04:00,21232.943,20500,20818.97168
16,16,2021-08-02T20:00:00+00:00,2021-08-02T16:00:00-04:00,21849.895,20965,21340.44727
17,17,2021-08-02T21:00:00+00:00,2021-08-02T17:00:00-04:00,22011.93,21343,21613.46484
18,18,2021-08-02T22:00:00+00:00,2021-08-02T18:00:00-04:00,22091.889,21277,21489.44434
19,19,2021-08-02T23:00:00+00:00,2021-08-02T19:00:00-04:00,20988.24,20730,20603.12012
20,20,2021-08-03T00:00:00+00:00,2021-08-02T20:00:00-04:00,20494.242,20114,20170.62109
21,21,2021-08-03T01:00:00+00:00,2021-08-02T21:00:00-04:00,19683.984,19424,19385.99219
22,22,2021-08-03T02:00:00+00:00,2021-08-02T22:00:00-04:00,18840.668,18157,18313.83398
23,23,2021-08-03T03:00:00+00:00,2021-08-02T23:00:00-04:00,17005.352,16811,16756.67578
0,0,2021-08-03T04:00:00+00:00,2021-08-03T00:00:00-04:00,16420.363,15744,15908.18164
1,1,2021-08-03T05:00:00+00:00,2021-08-03T01:00:00-04:00,15259.012,15003,14960.50586
2,2,2021-08-03T06:00:00+00:00,2021-08-03T02:00:00-04:00,14516.281,14436,14337.64063
3,3,2021-08-03T07:00:00+00:00,2021-08-03T03:00:00-04:00,14310.181,14151,14093.09033
4,4,2021-08-03T08:00:00+00:00,2021-08-03T04:00:00-04:00,14200.94,14160,14059.97021
5,5,2021-08-03T09:00:00+00:00,2021-08-03T05:00:00-04:00,14763.753,14658,14570.37646
6,6,2021-08-03T10:00:00+00:00,2021-08-03T06:00:00-04:00,15866.803,15577,15547.90137
7,7,2021-08-03T11:00:00+00:00,2021-08-03T07:00:00-04:00,17174.264,16620,16711.63184
8,8,2021-08-03T12:00:00+00:00,2021-08-03T08:00:00-04:00,17819.658,17389,17483.8291
9,9,2021-08-03T13:00:00+00:00,2021-08-03T09:00:00-04:00,18103.041,17936,17919.02051
10,10,2021-08-03T14:00:00+00:00,2021-08-03T10:00:00-04:00,18355.96,18404,18307.98047
11,11,2021-08-03T15:00:00+00:00,2021-08-03T11:00:00-04:00,18720.426,18790,18789.71289
12,12,2021-08-03T16:00:00+00:00,2021-08-03T12:00:00-04:00,19802.111,19147,19596.55566
13,13,2021-08-03T17:00:00+00:00,2021-08-03T13:00:00-04:00,19914.232,19497,19938.61621
14,14,2021-08-03T18:00:00+00:00,2021-08-03T14:00:00-04:00,20734.777,19885,20569.38867
15,15,2021-08-03T19:00:00+00:00,2021-08-03T15:00:00-04:00,21049.025,20287,20943.0127
16,16,2021-08-03T20:00:00+00:00,2021-08-03T16:00:00-04:00,21759.629,20646,21438.31445
17,17,2021-08-03T21:00:00+00:00,2021-08-03T17:00:00-04:00,22115.672,20925,21696.83594
18,18,2021-08-03T22:00:00+00:00,2021-08-03T18:00:00-04:00,22013.445,20674,21443.72266
19,19,2021-08-03T23:00:00+00:00,2021-08-03T19:00:00-04:00,20990.316,20234,20632.6582
20,20,2021-08-04T00:00:00+00:00,2021-08-03T20:00:00-04:00,20271.32,19889,20159.66016
21,21,2021-08-04T01:00:00+00:00,2021-08-03T21:00:00-04:00,19437.217,19293,19375.1084
22,22,2021-08-04T02:00:00+00:00,2021-08-03T22:00:00-04:00,18438.027,18121,18260.51367
23,23,2021-08-04T03:00:00+00:00,2021-08-03T23:00:00-04:00,17293.738,16859,17059.36914
0,0,2021-08-04T04:00:00+00:00,2021-08-04T00:00:00-04:00,16677.877,15883,16194.43848
1,1,2021-08-04T05:00:00+00:00,2021-08-04T01:00:00-04:00,15790.659,15158,15389.82959
2,2,2021-08-04T06:00:00+00:00,2021-08-04T02:00:00-04:00,15034.908,14667,14768.9541
3,3,2021-08-04T07:00:00+00:00,2021-08-04T03:00:00-04:00,14722.963,14379,14476.48145
4,4,2021-08-04T08:00:00+00:00,2021-08-04T04:00:00-04:00,14383.399,14427,14323.19971
5,5,2021-08-04T09:00:00+00:00,2021-08-04T05:00:00-04:00,14771.059,14935,14764.0293
6,6,2021-08-04T10:00:00+00:00,2021-08-04T06:00:00-04:00,15752.686,15774,15694.84277
7,7,2021-08-04T11:00:00+00:00,2021-08-04T07:00:00-04:00,17299.025,16915,17040.5127
8,8,2021-08-04T12:00:00+00:00,2021-08-04T08:00:00-04:00,17742.586,17882,17767.29297
9,9,2021-08-04T13:00:00+00:00,2021-08-04T09:00:00-04:00,18626.805,18539,18551.40234
10,10,2021-08-04T14:00:00+00:00,2021-08-04T10:00:00-04:00,19157.955,19039,19097.47754
11,11,2021-08-04T15:00:00+00:00,2021-08-04T11:00:00-04:00,19671.293,19418,19642.14648
12,12,2021-08-04T16:00:00+00:00,2021-08-04T12:00:00-04:00,19735.555,19825,19933.27734
13,13,2021-08-04T17:00:00+00:00,2021-08-04T13:00:00-04:00,20034.158,20209,20333.0791
14,14,2021-08-04T18:00:00+00:00,2021-08-04T14:00:00-04:00,20714.725,20392,20872.3623
15,15,2021-08-04T19:00:00+00:00,2021-08-04T15:00:00-04:00,21428.607,20445,21419.30371
16,16,2021-08-04T20:00:00+00:00,2021-08-04T16:00:00-04:00,22356.45,20724,21984.22461
17,17,2021-08-04T21:00:00+00:00,2021-08-04T17:00:00-04:00,22743.037,20892,22186.51855
18,18,2021-08-04T22:00:00+00:00,2021-08-04T18:00:00-04:00,23120.367,20699,22157.68359
19,19,2021-08-04T23:00:00+00:00,2021-08-04T19:00:00-04:00,22482.479,20316,21528.23926
20,20,2021-08-05T00:00:00+00:00,2021-08-04T20:00:00-04:00,22251.102,19968,21251.55078
21,21,2021-08-05T01:00:00+00:00,2021-08-04T21:00:00-04:00,21584.86,19316,20563.92969
22,22,2021-08-05T02:00:00+00:00,2021-08-04T22:00:00-04:00,19368.877,18215,18807.43848
23,23,2021-08-05T03:00:00+00:00,2021-08-04T23:00:00-04:00,17664.938,17010,17278.96875
0,0,2021-08-05T04:00:00+00:00,2021-08-05T00:00:00-04:00,16059.392,15996,15827.1958
1,1,2021-08-05T05:00:00+00:00,2021-08-05T01:00:00-04:00,15158.771,15289,15029.88574
2,2,2021-08-05T06:00:00+00:00,2021-08-05T02:00:00-04:00,14821.006,14812,14618.50293
3,3,2021-08-05T07:00:00+00:00,2021-08-05T03:00:00-04:00,14517.13,14538,14336.06494
4,4,2021-08-05T08:00:00+00:00,2021-08-05T04:00:00-04:00,14466.518,14607,14336.25879
5,5,2021-08-05T09:00:00+00:00,2021-08-05T05:00:00-04:00,15000.778,15129,14857.38916
6,6,2021-08-05T10:00:00+00:00,2021-08-05T06:00:00-04:00,15941.273,16088,15756.63672
7,7,2021-08-05T11:00:00+00:00,2021-08-05T07:00:00-04:00,17516.996,17195,17091.99805
8,8,2021-08-05T12:00:00+00:00,2021-08-05T08:00:00-04:00,18118.861,18085,17874.93066
9,9,2021-08-05T13:00:00+00:00,2021-08-05T09:00:00-04:00,18598.484,18661,18455.24219
10,10,2021-08-05T14:00:00+00:00,2021-08-05T10:00:00-04:00,19092.12,19167,18999.55957
11,11,2021-08-05T15:00:00+00:00,2021-08-05T11:00:00-04:00,19928.72,19669,19737.86035
12,12,2021-08-05T16:00:00+00:00,2021-08-05T12:00:00-04:00,20901.736,20221,20524.36816
13,13,2021-08-05T17:00:00+00:00,2021-08-05T13:00:00-04:00,21420.7,20850,21102.34961
14,14,2021-08-05T18:00:00+00:00,2021-08-05T14:00:00-04:00,22122.469,21400,21705.23438
15,15,2021-08-05T19:00:00+00:00,2021-08-05T15:00:00-04:00,22273.99,21976,21995.49512
16,16,2021-08-05T20:00:00+00:00,2021-08-05T16:00:00-04:00,22823.455,22484,22418.22754
17,17,2021-08-05T21:00:00+00:00,2021-08-05T17:00:00-04:00,23031.822,22836,22580.41113
18,18,2021-08-05T22:00:00+00:00,2021-08-05T18:00:00-04:00,22858.922,22652,22320.46094
19,19,2021-08-05T23:00:00+00:00,2021-08-05T19:00:00-04:00,22705.723,22012,21959.36133
20,20,2021-08-06T00:00:00+00:00,2021-08-05T20:00:00-04:00,22257.451,21437,21567.22559
21,21,2021-08-06T01:00:00+00:00,2021-08-05T21:00:00-04:00,21465.375,20759,20810.6875
22,22,2021-08-06T02:00:00+00:00,2021-08-05T22:00:00-04:00,20661.703,19527,19771.85156
23,23,2021-08-06T03:00:00+00:00,2021-08-05T23:00:00-04:00,18476.174,18237,17993.08691
0,0,2021-08-06T04:00:00+00:00,2021-08-06T00:00:00-04:00,17333.646,17101,16965.32324
1,1,2021-08-06T05:00:00+00:00,2021-08-06T01:00:00-04:00,16392.094,16270,16100.04688
2,2,2021-08-06T06:00:00+00:00,2021-08-06T02:00:00-04:00,15669.96,15671,15448.97998
3,3,2021-08-06T07:00:00+00:00,2021-08-06T03:00:00-04:00,15365.268,15285,15115.63379
4,4,2021-08-06T08:00:00+00:00,2021-08-06T04:00:00-04:00,15208.55,15234,15019.7749
5,5,2021-08-06T09:00:00+00:00,2021-08-06T05:00:00-04:00,15508.446,15659,15371.22314
6,6,2021-08-06T10:00:00+00:00,2021-08-06T06:00:00-04:00,16373.994,16480,16173.49707
7,7,2021-08-06T11:00:00+00:00,2021-08-06T07:00:00-04:00,17751.01,17804,17449.50488
8,8,2021-08-06T12:00:00+00:00,2021-08-06T08:00:00-04:00,18730.262,19005,18501.63086
9,9,2021-08-06T13:00:00+00:00,2021-08-06T09:00:00-04:00,19198.564,20028,19166.78223
10,10,2021-08-06T14:00:00+00:00,2021-08-06T10:00:00-04:00,20050.807,21077,20017.40332
11,11,2021-08-06T15:00:00+00:00,2021-08-06T11:00:00-04:00,20741.455,22111,20774.22754
12,12,2021-08-06T16:00:00+00:00,2021-08-06T12:00:00-04:00,22402.18,23068,21990.58984
13,13,2021-08-06T17:00:00+00:00,2021-08-06T13:00:00-04:00,23058.182,23981,22698.09082
14,14,2021-08-06T18:00:00+00:00,2021-08-06T14:00:00-04:00,23614.783,24671,23363.8916
15,15,2021-08-06T19:00:00+00:00,2021-08-06T15:00:00-04:00,24430.16,25231,24076.58008
16,16,2021-08-06T20:00:00+00:00,2021-08-06T16:00:00-04:00,24972.37,25679,24581.68457
17,17,2021-08-06T21:00:00+00:00,2021-08-06T17:00:00-04:00,24884.93,25784,24601.46484
18,18,2021-08-06T22:00:00+00:00,2021-08-06T18:00:00-04:00,25280.078,25170,24587.03906
19,19,2021-08-06T23:00:00+00:00,2021-08-06T19:00:00-04:00,24689.137,24088,23875.56836
20,20,2021-08-07T00:00:00+00:00,2021-08-06T20:00:00-04:00,24339.268,23217,23354.13379
21,21,2021-08-07T01:00:00+00:00,2021-08-06T21:00:00-04:00,23749.459,22347,22698.72949
22,22,2021-08-07T02:00:00+00:00,2021-08-06T22:00:00-04:00,21831.504,21000,21103.25195
23,23,2021-08-07T03:00:00+00:00,2021-08-06T23:00:00-04:00,20455.482,19687,19717.74121
0,0,2021-08-07T04:00:00+00:00,2021-08-07T00:00:00-04:00,17996.307,18440,17982.15332
1,1,2021-08-07T05:00:00+00:00,2021-08-07T01:00:00-04:00,17248.773,17463,17134.88672
2,2,2021-08-07T06:00:00+00:00,2021-08-07T02:00:00-04:00,16458.604,16719,16396.30176
3,3,2021-08-07T07:00:00+00:00,2021-08-07T03:00:00-04:00,16007.839,16229,15939.91943
4,4,2021-08-07T08:00:00+00:00,2021-08-07T04:00:00-04:00,15658.69,15981,15652.34521
5,5,2021-08-07T09:00:00+00:00,2021-08-07T05:00:00-04:00,15474.939,15993,15572.96973
6,6,2021-08-07T10:00:00+00:00,2021-08-07T06:00:00-04:00,15586.143,16178,15700.57129
7,7,2021-08-07T11:00:00+00:00,2021-08-07T07:00:00-04:00,16020.92,16925,16324.45996
8,8,2021-08-07T12:00:00+00:00,2021-08-07T08:00:00-04:00,17240.16,18078,17549.58008
9,9,2021-08-07T13:00:00+00:00,2021-08-07T09:00:00-04:00,18398.506,19179,18735.75293
10,10,2021-08-07T14:00:00+00:00,2021-08-07T10:00:00-04:00,19861.508,20285,20050.75391
11,11,2021-08-07T15:00:00+00:00,2021-08-07T11:00:00-04:00,20802.6,21260,21014.2998
12,12,2021-08-07T16:00:00+00:00,2021-08-07T12:00:00-04:00,21395.28,22007,21680.63965
13,13,2021-08-07T17:00:00+00:00,2021-08-07T13:00:00-04:00,22024.004,22532,22311.00195
14,14,2021-08-07T18:00:00+00:00,2021-08-07T14:00:00-04:00,23177.55,23116,23161.77539
15,15,2021-08-07T19:00:00+00:00,2021-08-07T15:00:00-04:00,23655.854,23593,23623.42676
16,16,2021-08-07T20:00:00+00:00,2021-08-07T16:00:00-04:00,23947.025,23665,23870.0127
17,17,2021-08-07T21:00:00+00:00,2021-08-07T17:00:00-04:00,23813.229,23520,23753.11426
18,18,2021-08-07T22:00:00+00:00,2021-08-07T18:00:00-04:00,23266.309,23029,23233.1543
19,19,2021-08-07T23:00:00+00:00,2021-08-07T19:00:00-04:00,23068.037,22432,22739.51855
20,20,2021-08-08T00:00:00+00:00,2021-08-07T20:00:00-04:00,23232.852,22204,22617.42578
21,21,2021-08-08T01:00:00+00:00,2021-08-07T21:00:00-04:00,22576.52,21626,21952.25977
22,22,2021-08-08T02:00:00+00:00,2021-08-07T22:00:00-04:00,21715.803,20588,20969.40137
23,23,2021-08-08T03:00:00+00:00,2021-08-07T23:00:00-04:00,20276.871,19440,19634.93555
0,0,2021-08-08T04:00:00+00:00,2021-08-08T00:00:00-04:00,18682.441,18343,18201.2207
1,1,2021-08-08T05:00:00+00:00,2021-08-08T01:00:00-04:00,18065.428,17456,17467.21387
2,2,2021-08-08T06:00:00+00:00,2021-08-08T02:00:00-04:00,17359.008,16722,16793.50391
3,3,2021-08-08T07:00:00+00:00,2021-08-08T03:00:00-04:00,16659.633,16156,16217.81641
4,4,2021-08-08T08:00:00+00:00,2021-08-08T04:00:00-04:00,16114.77,15781,15819.38477
5,5,2021-08-08T09:00:00+00:00,2021-08-08T05:00:00-04:00,15916.349,15696,15694.67432
6,6,2021-08-08T10:00:00+00:00,2021-08-08T06:00:00-04:00,16000.866,15686,15703.43311
7,7,2021-08-08T11:00:00+00:00,2021-08-08T07:00:00-04:00,16375.26,16088,16122.12988
8,8,2021-08-08T12:00:00+00:00,2021-08-08T08:00:00-04:00,17619.502,16911,17187.75098
9,9,2021-08-08T13:00:00+00:00,2021-08-08T09:00:00-04:00,18287.2,17890,17970.09961
10,10,2021-08-08T14:00:00+00:00,2021-08-08T10:00:00-04:00,19407.941,18821,18957.9707
11,11,2021-08-08T15:00:00+00:00,2021-08-08T11:00:00-04:00,20632.107,19664,19964.55371
12,12,2021-08-08T16:00:00+00:00,2021-08-08T12:00:00-04:00,21287.041,20155,20607.02051
13,13,2021-08-08T17:00:00+00:00,2021-08-08T13:00:00-04:00,21911.682,20444,21215.34082
14,14,2021-08-08T18:00:00+00:00,2021-08-08T14:00:00-04:00,22804.18,20684,21930.58984
15,15,2021-08-08T19:00:00+00:00,2021-08-08T15:00:00-04:00,23473.764,20935,22535.38184
16,16,2021-08-08T20:00:00+00:00,2021-08-08T16:00:00-04:00,23709.049,21297,22886.02441
17,17,2021-08-08T21:00:00+00:00,2021-08-08T17:00:00-04:00,23953.602,21488,23149.30078
18,18,2021-08-08T22:00:00+00:00,2021-08-08T18:00:00-04:00,23636.629,21302,22918.31445
19,19,2021-08-08T23:00:00+00:00,2021-08-08T19:00:00-04:00,23444.27,20911,22589.13477
20,20,2021-08-09T00:00:00+00:00,2021-08-08T20:00:00-04:00,23317.572,20720,22403.28613
21,21,2021-08-09T01:00:00+00:00,2021-08-08T21:00:00-04:00,22888.604,20211,21885.80176
22,22,2021-08-09T02:00:00+00:00,2021-08-08T22:00:00-04:00,21838.088,19202,20789.04395
23,23,2021-08-09T03:00:00+00:00,2021-08-08T23:00:00-04:00,19401.549,18144,18956.77441
0,0,2021-08-09T04:00:00+00:00,2021-08-09T00:00:00-04:00,18841.248,17233,18199.12402
1,1,2021-08-09T05:00:00+00:00,2021-08-09T01:00:00-04:00,18150.266,16633,17458.13281
2,2,2021-08-09T06:00:00+00:00,2021-08-09T02:00:00-04:00,17114.092,16182,16672.0459
3,3,2021-08-09T07:00:00+00:00,2021-08-09T03:00:00-04:00,16632.312,15969,16265.65625
4,4,2021-08-09T08:00:00+00:00,2021-08-09T04:00:00-04:00,16510.008,16103,16204.00391
5,5,2021-08-09T09:00:00+00:00,2021-08-09T05:00:00-04:00,17104.05,16773,16759.02539
6,6,2021-08-09T10:00:00+00:00,2021-08-09T06:00:00-04:00,17872.846,17859,17599.42285
7,7,2021-08-09T11:00:00+00:00,2021-08-09T07:00:00-04:00,19060.79,19097,18853.39453
8,8,2021-08-09T12:00:00+00:00,2021-08-09T08:00:00-04:00,20291.672,20324,20081.33594
9,9,2021-08-09T13:00:00+00:00,2021-08-09T09:00:00-04:00,21073.898,21105,20990.94922
10,10,2021-08-09T14:00:00+00:00,2021-08-09T10:00:00-04:00,22056.936,21826,21971.46777
11,11,2021-08-09T15:00:00+00:00,2021-08-09T11:00:00-04:00,23228.457,22656,22996.22852
12,12,2021-08-09T16:00:00+00:00,2021-08-09T12:00:00-04:00,24693.834,23378,24111.91699
13,13,2021-08-09T17:00:00+00:00,2021-08-09T13:00:00-04:00,25119.74,24099,24688.87012
14,14,2021-08-09T18:00:00+00:00,2021-08-09T14:00:00-04:00,25661.215,24486,25260.10742
15,15,2021-08-09T19:00:00+00:00,2021-08-09T15:00:00-04:00,26154.727,24818,25753.86328
16,16,2021-08-09T20:00:00+00:00,2021-08-09T16:00:00-04:00,26306.03,25024,26059.01465
17,17,2021-08-09T21:00:00+00:00,2021-08-09T17:00:00-04:00,26402.223,25184,26159.61133
18,18,2021-08-09T22:00:00+00:00,2021-08-09T18:00:00-04:00,26411.508,24818,25930.25391
19,19,2021-08-09T23:00:00+00:00,2021-08-09T19:00:00-04:00,26235.783,24178,25516.3916
20,20,2021-08-10T00:00:00+00:00,2021-08-09T20:00:00-04:00,25210.473,23792,24683.23633
21,21,2021-08-10T01:00:00+00:00,2021-08-09T21:00:00-04:00,24526.367,22943,23882.68359
22,22,2021-08-10T02:00:00+00:00,2021-08-09T22:00:00-04:00,22734.02,21551,22225.50977
23,23,2021-08-10T03:00:00+00:00,2021-08-09T23:00:00-04:00,20524.127,20073,20360.56348
0,0,2021-08-10T04:00:00+00:00,2021-08-10T00:00:00-04:00,18934.979,18877,18778.48926
1,1,2021-08-10T05:00:00+00:00,2021-08-10T01:00:00-04:00,18098.412,17984,17905.70605
2,2,2021-08-10T06:00:00+00:00,2021-08-10T02:00:00-04:00,17356.127,17328,17212.56348
3,3,2021-08-10T07:00:00+00:00,2021-08-10T03:00:00-04:00,16665.838,16991,16656.41895
4,4,2021-08-10T08:00:00+00:00,2021-08-10T04:00:00-04:00,16759.021,16988,16660.01074
5,5,2021-08-10T09:00:00+00:00,2021-08-10T05:00:00-04:00,17391.367,17498,17212.68359
6,6,2021-08-10T10:00:00+00:00,2021-08-10T06:00:00-04:00,18455.035,18584,18238.01758
7,7,2021-08-10T11:00:00+00:00,2021-08-10T07:00:00-04:00,19716.861,19913,19560.93066
8,8,2021-08-10T12:00:00+00:00,2021-08-10T08:00:00-04:00,20968.387,21057,20827.19336
9,9,2021-08-10T13:00:00+00:00,2021-08-10T09:00:00-04:00,21671.354,21985,21745.17676
10,10,2021-08-10T14:00:00+00:00,2021-08-10T10:00:00-04:00,23193.416,22888,23052.70801
11,11,2021-08-10T15:00:00+00:00,2021-08-10T11:00:00-04:00,24556.057,23833,24227.02832
12,12,2021-08-10T16:00:00+00:00,2021-08-10T12:00:00-04:00,25584.42,24633,25162.20996
13,13,2021-08-10T17:00:00+00:00,2021-08-10T13:00:00-04:00,26149.43,25432,25815.71484
14,14,2021-08-10T18:00:00+00:00,2021-08-10T14:00:00-04:00,26412.586,26012,26274.29297
15,15,2021-08-10T19:00:00+00:00,2021-08-10T15:00:00-04:00,27068.736,26392,26867.86816
16,16,2021-08-10T20:00:00+00:00,2021-08-10T16:00:00-04:00,27242.688,26715,27158.84375
17,17,2021-08-10T21:00:00+00:00,2021-08-10T17:00:00-04:00,27477.664,26694,27283.83203
18,18,2021-08-10T22:00:00+00:00,2021-08-10T18:00:00-04:00,27474.553,26225,27011.77637
19,19,2021-08-10T23:00:00+00:00,2021-08-10T19:00:00-04:00,27107.809,25397,26410.9043
20,20,2021-08-11T00:00:00+00:00,2021-08-10T20:00:00-04:00,25874.117,24721,25443.55859
21,21,2021-08-11T01:00:00+00:00,2021-08-10T21:00:00-04:00,25006.822,23739,24532.41113
22,22,2021-08-11T02:00:00+00:00,2021-08-10T22:00:00-04:00,23976.832,22372,23253.91602
23,23,2021-08-11T03:00:00+00:00,2021-08-10T23:00:00-04:00,22041.951,20988,21516.97559
0,0,2021-08-11T04:00:00+00:00,2021-08-11T00:00:00-04:00,21398.807,19859,20490.90332
1,1,2021-08-11T05:00:00+00:00,2021-08-11T01:00:00-04:00,20129.56,19031,19372.78027
2,2,2021-08-11T06:00:00+00:00,2021-08-11T02:00:00-04:00,18990.941,18411,18454.9707
3,3,2021-08-11T07:00:00+00:00,2021-08-11T03:00:00-04:00,18894.77,18071,18196.38477
4,4,2021-08-11T08:00:00+00:00,2021-08-11T04:00:00-04:00,18756.732,18065,18087.36621
5,5,2021-08-11T09:00:00+00:00,2021-08-11T05:00:00-04:00,19216.518,18605,18558.25879
6,6,2021-08-11T10:00:00+00:00,2021-08-11T06:00:00-04:00,20244.848,19630,19591.92383
7,7,2021-08-11T11:00:00+00:00,2021-08-11T07:00:00-04:00,21755.482,20871,21087.74121
8,8,2021-08-11T12:00:00+00:00,2021-08-11T08:00:00-04:00,22739.729,22067,22298.36426
9,9,2021-08-11T13:00:00+00:00,2021-08-11T09:00:00-04:00,23726.354,23032,23425.17676
10,10,2021-08-11T14:00:00+00:00,2021-08-11T10:00:00-04:00,25325.95,24250,24863.47461
11,11,2021-08-11T15:00:00+00:00,2021-08-11T11:00:00-04:00,26822.615,25590,26189.30762
12,12,2021-08-11T16:00:00+00:00,2021-08-11T12:00:00-04:00,27866.658,26816,27220.3291
13,13,2021-08-11T17:00:00+00:00,2021-08-11T13:00:00-04:00,29481.465,27912,28507.73242
14,14,2021-08-11T18:00:00+00:00,2021-08-11T14:00:00-04:00,30298.76,28642,29256.87988
15,15,2021-08-11T19:00:00+00:00,2021-08-11T15:00:00-04:00,30487.434,29157,29626.7168
16,16,2021-08-11T20:00:00+00:00,2021-08-11T16:00:00-04:00,31125.453,29510,30133.22656
17,17,2021-08-11T21:00:00+00:00,2021-08-11T17:00:00-04:00,31354.818,29555,30264.90918
18,18,2021-08-11T22:00:00+00:00,2021-08-11T18:00:00-04:00,31195.674,29052,29922.83691
19,19,2021-08-11T23:00:00+00:00,2021-08-11T19:00:00-04:00,30336.393,28263,29030.69629
20,20,2021-08-12T00:00:00+00:00,2021-08-11T20:00:00-04:00,29104.727,27418,28069.86328
21,21,2021-08-12T01:00:00+00:00,2021-08-11T21:00:00-04:00,28131.795,25903,27060.39746
22,22,2021-08-12T02:00:00+00:00,2021-08-11T22:00:00-04:00,26647.666,24138,25487.83301
23,23,2021-08-12T03:00:00+00:00,2021-08-11T23:00:00-04:00,24673.035,22424,23667.01758
0,0,2021-08-12T04:00:00+00:00,2021-08-12T00:00:00-04:00,22297.594,21007,21809.29688
1,1,2021-08-12T05:00:00+00:00,2021-08-12T01:00:00-04:00,21613.646,19970,20934.82324
2,2,2021-08-12T06:00:00+00:00,2021-08-12T02:00:00-04:00,20800.598,19210,20129.79883
3,3,2021-08-12T07:00:00+00:00,2021-08-12T03:00:00-04:00,20120.77,18790,19535.38477
4,4,2021-08-12T08:00:00+00:00,2021-08-12T04:00:00-04:00,20017.398,18752,19411.69922
5,5,2021-08-12T09:00:00+00:00,2021-08-12T05:00:00-04:00,20408.07,19297,19808.03516
6,6,2021-08-12T10:00:00+00:00,2021-08-12T06:00:00-04:00,21362.238,20255,20787.61914
7,7,2021-08-12T11:00:00+00:00,2021-08-12T07:00:00-04:00,22299.354,21529,22005.17676
8,8,2021-08-12T12:00:00+00:00,2021-08-12T08:00:00-04:00,23580.379,23009,23404.18945
9,9,2021-08-12T13:00:00+00:00,2021-08-12T09:00:00-04:00,24355.28,24333,24483.13965
10,10,2021-08-12T14:00:00+00:00,2021-08-12T10:00:00-04:00,26545.238,25610,26269.11914
11,11,2021-08-12T15:00:00+00:00,2021-08-12T11:00:00-04:00,27920.928,26767,27577.46387
12,12,2021-08-12T16:00:00+00:00,2021-08-12T12:00:00-04:00,29464.28,27826,28877.13965
13,13,2021-08-12T17:00:00+00:00,2021-08-12T13:00:00-04:00,30754.629,28764,30006.81445
14,14,2021-08-12T18:00:00+00:00,2021-08-12T14:00:00-04:00,31407.86,29376,30627.92969
15,15,2021-08-12T19:00:00+00:00,2021-08-12T15:00:00-04:00,31616.227,29513,30933.11328
16,16,2021-08-12T20:00:00+00:00,2021-08-12T16:00:00-04:00,32109.814,29741,31285.90723
17,17,2021-08-12T21:00:00+00:00,2021-08-12T17:00:00-04:00,32369.014,29198,31388.00684
18,18,2021-08-12T22:00:00+00:00,2021-08-12T18:00:00-04:00,32050.705,28537,30952.85254
19,19,2021-08-12T23:00:00+00:00,2021-08-12T19:00:00-04:00,31413.703,27993,30119.35156
20,20,2021-08-13T00:00:00+00:00,2021-08-12T20:00:00-04:00,30074.098,27433,29064.04883
21,21,2021-08-13T01:00:00+00:00,2021-08-12T21:00:00-04:00,28527.723,26443,27710.86133
22,22,2021-08-13T02:00:00+00:00,2021-08-12T22:00:00-04:00,26997,24861,26109.5
23,23,2021-08-13T03:00:00+00:00,2021-08-12T23:00:00-04:00,25233.486,23313,24392.24316
0,0,2021-08-13T04:00:00+00:00,2021-08-13T00:00:00-04:00,22586.986,22041,22148.99316
1,1,2021-08-13T05:00:00+00:00,2021-08-13T01:00:00-04:00,21202.535,20992,20898.76758
2,2,2021-08-13T06:00:00+00:00,2021-08-13T02:00:00-04:00,20307.129,20086,20035.56445
3,3,2021-08-13T07:00:00+00:00,2021-08-13T03:00:00-04:00,19218.41,19511,19221.20508
4,4,2021-08-13T08:00:00+00:00,2021-08-13T04:00:00-04:00,19093.78,19305,19066.88965
5,5,2021-08-13T09:00:00+00:00,2021-08-13T05:00:00-04:00,19302.31,19642,19321.65527
6,6,2021-08-13T10:00:00+00:00,2021-08-13T06:00:00-04:00,19877.525,20454,20055.7627
7,7,2021-08-13T11:00:00+00:00,2021-08-13T07:00:00-04:00,21507.957,21859,21540.97852
8,8,2021-08-13T12:00:00+00:00,2021-08-13T08:00:00-04:00,22796.91,23294,22904.45508
9,9,2021-08-13T13:00:00+00:00,2021-08-13T09:00:00-04:00,24299.008,24685,24303.00391
10,10,2021-08-13T14:00:00+00:00,2021-08-13T10:00:00-04:00,25981.404,26005,25805.20215
11,11,2021-08-13T15:00:00+00:00,2021-08-13T11:00:00-04:00,27321.797,27170,27063.39844
12,12,2021-08-13T16:00:00+00:00,2021-08-13T12:00:00-04:00,28786.379,28144,28313.68945
13,13,2021-08-13T17:00:00+00:00,2021-08-13T13:00:00-04:00,30068.207,28877,29416.10352
14,14,2021-08-13T18:00:00+00:00,2021-08-13T14:00:00-04:00,30905.201,29353,30128.10059
15,15,2021-08-13T19:00:00+00:00,2021-08-13T15:00:00-04:00,30926.645,29624,30302.82227
16,16,2021-08-13T20:00:00+00:00,2021-08-13T16:00:00-04:00,31548.375,29896,30643.1875
17,17,2021-08-13T21:00:00+00:00,2021-08-13T17:00:00-04:00,31159.8,29823,30318.90039
18,18,2021-08-13T22:00:00+00:00,2021-08-13T18:00:00-04:00,31108.494,29207,29911.74707
19,19,2021-08-13T23:00:00+00:00,2021-08-13T19:00:00-04:00,30313.57,28222,28937.78516
20,20,2021-08-14T00:00:00+00:00,2021-08-13T20:00:00-04:00,29237.822,27456,27960.91113
21,21,2021-08-14T01:00:00+00:00,2021-08-13T21:00:00-04:00,28593.389,26321,27052.69434
22,22,2021-08-14T02:00:00+00:00,2021-08-13T22:00:00-04:00,26485.092,24941,25263.5459
23,23,2021-08-14T03:00:00+00:00,2021-08-13T23:00:00-04:00,24435.064,23452,23517.53223
0,0,2021-08-14T04:00:00+00:00,2021-08-14T00:00:00-04:00,22201.926,22048,21866.96289
1,1,2021-08-14T05:00:00+00:00,2021-08-14T01:00:00-04:00,20773.58,20900,20660.29004
2,2,2021-08-14T06:00:00+00:00,2021-08-14T02:00:00-04:00,19709.096,20033,19741.04785
3,3,2021-08-14T07:00:00+00:00,2021-08-14T03:00:00-04:00,18290.22,19410,18738.61035
4,4,2021-08-14T08:00:00+00:00,2021-08-14T04:00:00-04:00,18047.613,18935,18419.80664
5,5,2021-08-14T09:00:00+00:00,2021-08-14T05:00:00-04:00,17705.201,18806,18192.60059
6,6,2021-08-14T10:00:00+00:00,2021-08-14T06:00:00-04:00,17923.379,18946,18303.68945
7,7,2021-08-14T11:00:00+00:00,2021-08-14T07:00:00-04:00,18118.639,19611,18629.31934
8,8,2021-08-14T12:00:00+00:00,2021-08-14T08:00:00-04:00,19199.613,20593,19587.80664
9,9,2021-08-14T13:00:00+00:00,2021-08-14T09:00:00-04:00,19956.018,21537,20476.00879
10,10,2021-08-14T14:00:00+00:00,2021-08-14T10:00:00-04:00,20707.365,22484,21334.18262
11,11,2021-08-14T15:00:00+00:00,2021-08-14T11:00:00-04:00,21720.002,23474,22161.00098
12,12,2021-08-14T16:00:00+00:00,2021-08-14T12:00:00-04:00,21898.348,24235,22489.67383
13,13,2021-08-14T17:00:00+00:00,2021-08-14T13:00:00-04:00,22828.049,24389,23056.52441
14,14,2021-08-14T18:00:00+00:00,2021-08-14T14:00:00-04:00,23113.27,24488,23231.13477
15,15,2021-08-14T19:00:00+00:00,2021-08-14T15:00:00-04:00,23472.506,24774,23375.75293
16,16,2021-08-14T20:00:00+00:00,2021-08-14T16:00:00-04:00,23140.62,25212,23172.80957
17,17,2021-08-14T21:00:00+00:00,2021-08-14T17:00:00-04:00,23180.666,25336,23130.33301
18,18,2021-08-14T22:00:00+00:00,2021-08-14T18:00:00-04:00,22768.166,24987,22680.58301
19,19,2021-08-14T23:00:00+00:00,2021-08-14T19:00:00-04:00,22328.143,24118,22213.57129
20,20,2021-08-15T00:00:00+00:00,2021-08-14T20:00:00-04:00,22549.629,23422,22119.81445
21,21,2021-08-15T01:00:00+00:00,2021-08-14T21:00:00-04:00,21840.5,22275,21389.75
22,22,2021-08-15T02:00:00+00:00,2021-08-14T22:00:00-04:00,20648.79,20828,20290.39453
23,23,2021-08-15T03:00:00+00:00,2021-08-14T23:00:00-04:00,19398.611,19495,19152.80566
0,0,2021-08-15T04:00:00+00:00,2021-08-15T00:00:00-04:00,19303.426,18243,18658.21289
1,1,2021-08-15T05:00:00+00:00,2021-08-15T01:00:00-04:00,18064.691,17246,17563.3457
2,2,2021-08-15T06:00:00+00:00,2021-08-15T02:00:00-04:00,16576.86,16478,16446.92969
3,3,2021-08-15T07:00:00+00:00,2021-08-15T03:00:00-04:00,15595.281,15932,15676.64063
4,4,2021-08-15T08:00:00+00:00,2021-08-15T04:00:00-04:00,15107.567,15576,15245.28369
5,5,2021-08-15T09:00:00+00:00,2021-08-15T05:00:00-04:00,15000.542,15419,15113.771
6,6,2021-08-15T10:00:00+00:00,2021-08-15T06:00:00-04:00,15080.398,15318,15094.69922
7,7,2021-08-15T11:00:00+00:00,2021-08-15T07:00:00-04:00,15893.601,15662,15613.80029
8,8,2021-08-15T12:00:00+00:00,2021-08-15T08:00:00-04:00,16832.414,16320,16368.20703
9,9,2021-08-15T13:00:00+00:00,2021-08-15T09:00:00-04:00,17317.977,16926,16978.98828
10,10,2021-08-15T14:00:00+00:00,2021-08-15T10:00:00-04:00,18264.926,17637,17827.46289
11,11,2021-08-15T15:00:00+00:00,2021-08-15T11:00:00-04:00,19227.568,18327,18627.78418
12,12,2021-08-15T16:00:00+00:00,2021-08-15T12:00:00-04:00,19333.607,18953,18963.80371
13,13,2021-08-15T17:00:00+00:00,2021-08-15T13:00:00-04:00,19731.367,19407,19382.18359
14,14,2021-08-15T18:00:00+00:00,2021-08-15T14:00:00-04:00,20199.729,19913,19836.36426
15,15,2021-08-15T19:00:00+00:00,2021-08-15T15:00:00-04:00,20415.51,20544,20146.75488
16,16,2021-08-15T20:00:00+00:00,2021-08-15T16:00:00-04:00,21481.549,21200,20898.77441
17,17,2021-08-15T21:00:00+00:00,2021-08-15T17:00:00-04:00,21989.53,21614,21315.76465
18,18,2021-08-15T22:00:00+00:00,2021-08-15T18:00:00-04:00,21636.105,21439,21044.05273
19,19,2021-08-15T23:00:00+00:00,2021-08-15T19:00:00-04:00,21224.51,20912,20691.75488
20,20,2021-08-16T00:00:00+00:00,2021-08-15T20:00:00-04:00,20980.639,20642,20475.81934
21,21,2021-08-16T01:00:00+00:00,2021-08-15T21:00:00-04:00,20593.197,19997,20011.59863
22,22,2021-08-16T02:00:00+00:00,2021-08-15T22:00:00-04:00,19602.627,19006,19058.31348
23,23,2021-08-16T03:00:00+00:00,2021-08-15T23:00:00-04:00,18156.57,17841,17847.28516
0,0,2021-08-16T04:00:00+00:00,2021-08-16T00:00:00-04:00,17242.13,16767,16891.06543
1,1,2021-08-16T05:00:00+00:00,2021-08-16T01:00:00-04:00,16511.32,16062,16162.16016
2,2,2021-08-16T06:00:00+00:00,2021-08-16T02:00:00-04:00,15616.584,15607,15454.79199
3,3,2021-08-16T07:00:00+00:00,2021-08-16T03:00:00-04:00,15066.388,15346,15050.69385
4,4,2021-08-16T08:00:00+00:00,2021-08-16T04:00:00-04:00,15072.405,15405,15084.70264
5,5,2021-08-16T09:00:00+00:00,2021-08-16T05:00:00-04:00,15626.892,15947,15637.9458
6,6,2021-08-16T10:00:00+00:00,2021-08-16T06:00:00-04:00,16417.898,16767,16473.44922
7,7,2021-08-16T11:00:00+00:00,2021-08-16T07:00:00-04:00,17850.086,17827,17701.54297
8,8,2021-08-16T12:00:00+00:00,2021-08-16T08:00:00-04:00,18313.643,18758,18387.82129
9,9,2021-08-16T13:00:00+00:00,2021-08-16T09:00:00-04:00,18742.486,19476,18963.74316
10,10,2021-08-16T14:00:00+00:00,2021-08-16T10:00:00-04:00,19663.27,20167,19775.13477
11,11,2021-08-16T15:00:00+00:00,2021-08-16T11:00:00-04:00,20215.545,20943,20381.77246
12,12,2021-08-16T16:00:00+00:00,2021-08-16T12:00:00-04:00,21098.602,21620,21133.80078
13,13,2021-08-16T17:00:00+00:00,2021-08-16T13:00:00-04:00,21318.662,22297,21545.83105
14,14,2021-08-16T18:00:00+00:00,2021-08-16T14:00:00-04:00,22648.064,22718,22398.53223
15,15,2021-08-16T19:00:00+00:00,2021-08-16T15:00:00-04:00,23189.588,23030,22821.79395
16,16,2021-08-16T20:00:00+00:00,2021-08-16T16:00:00-04:00,24181.188,23310,23430.09375
17,17,2021-08-16T21:00:00+00:00,2021-08-16T17:00:00-04:00,24254.512,23337,23501.25586
18,18,2021-08-16T22:00:00+00:00,2021-08-16T18:00:00-04:00,24110.627,22981,23294.81348
19,19,2021-08-16T23:00:00+00:00,2021-08-16T19:00:00-04:00,23815.252,22362,22846.12598
20,20,2021-08-17T00:00:00+00:00,2021-08-16T20:00:00-04:00,22955.562,22050,22282.78125
21,21,2021-08-17T01:00:00+00:00,2021-08-16T21:00:00-04:00,22388.084,21274,21546.54199
22,22,2021-08-17T02:00:00+00:00,2021-08-16T22:00:00-04:00,21154.37,20105,20329.18457
23,23,2021-08-17T03:00:00+00:00,2021-08-16T23:00:00-04:00,19217.57,18811,18736.78516
0,0,2021-08-17T04:00:00+00:00,2021-08-17T00:00:00-04:00,18044.25,17736,17605.625
1,1,2021-08-17T05:00:00+00:00,2021-08-17T01:00:00-04:00,17261.023,16958,16835.01172
2,2,2021-08-17T06:00:00+00:00,2021-08-17T02:00:00-04:00,16849.35,16502,16357.6748
3,3,2021-08-17T07:00:00+00:00,2021-08-17T03:00:00-04:00,16726.03,16246,16152.51465
4,4,2021-08-17T08:00:00+00:00,2021-08-17T04:00:00-04:00,16710.344,16316,16173.17188
5,5,2021-08-17T09:00:00+00:00,2021-08-17T05:00:00-04:00,17461.682,16925,16857.84082
6,6,2021-08-17T10:00:00+00:00,2021-08-17T06:00:00-04:00,18120.443,18029,17737.22168
7,7,2021-08-17T11:00:00+00:00,2021-08-17T07:00:00-04:00,18544.309,19220,18542.6543
8,8,2021-08-17T12:00:00+00:00,2021-08-17T08:00:00-04:00,19774.379,20268,19696.18945
9,9,2021-08-17T13:00:00+00:00,2021-08-17T09:00:00-04:00,20254.734,21046,20344.36719
10,10,2021-08-17T14:00:00+00:00,2021-08-17T10:00:00-04:00,21189.89,21668,21178.94531
11,11,2021-08-17T15:00:00+00:00,2021-08-17T11:00:00-04:00,21865.195,22257,21817.09766
12,12,2021-08-17T16:00:00+00:00,2021-08-17T12:00:00-04:00,22549.953,22640,22407.97656
13,13,2021-08-17T17:00:00+00:00,2021-08-17T13:00:00-04:00,23097.586,23149,22899.79297
14,14,2021-08-17T18:00:00+00:00,2021-08-17T14:00:00-04:00,23408.496,23440,23190.74805
15,15,2021-08-17T19:00:00+00:00,2021-08-17T15:00:00-04:00,24049.684,23778,23618.3418
16,16,2021-08-17T20:00:00+00:00,2021-08-17T16:00:00-04:00,24442.676,24092,23881.33789
17,17,2021-08-17T21:00:00+00:00,2021-08-17T17:00:00-04:00,24681.25,24037,24013.625
18,18,2021-08-17T22:00:00+00:00,2021-08-17T18:00:00-04:00,24359.48,23451,23724.74023
19,19,2021-08-17T23:00:00+00:00,2021-08-17T19:00:00-04:00,24048.564,22811,23294.28223
20,20,2021-08-18T00:00:00+00:00,2021-08-17T20:00:00-04:00,23313.506,22507,22831.25293
21,21,2021-08-18T01:00:00+00:00,2021-08-17T21:00:00-04:00,22562.426,21761,22006.21289
22,22,2021-08-18T02:00:00+00:00,2021-08-17T22:00:00-04:00,21603.707,20544,20923.85352
23,23,2021-08-18T03:00:00+00:00,2021-08-17T23:00:00-04:00,19461.135,19337,19200.06738
0,0,2021-08-18T04:00:00+00:00,2021-08-18T00:00:00-04:00,18308.812,18308,18175.40625
1,1,2021-08-18T05:00:00+00:00,2021-08-18T01:00:00-04:00,17482.559,17578,17402.7793
2,2,2021-08-18T06:00:00+00:00,2021-08-18T02:00:00-04:00,17207.219,17096,16986.60938
3,3,2021-08-18T07:00:00+00:00,2021-08-18T03:00:00-04:00,17193.12,16848,16841.55957
4,4,2021-08-18T08:00:00+00:00,2021-08-18T04:00:00-04:00,17126.625,16920,16833.3125
5,5,2021-08-18T09:00:00+00:00,2021-08-18T05:00:00-04:00,17714.816,17557,17433.4082
6,6,2021-08-18T10:00:00+00:00,2021-08-18T06:00:00-04:00,18504.514,18656,18357.75684
7,7,2021-08-18T11:00:00+00:00,2021-08-18T07:00:00-04:00,18986.035,19875,19231.01758
8,8,2021-08-18T12:00:00+00:00,2021-08-18T08:00:00-04:00,20411.678,21046,20523.83887
9,9,2021-08-18T13:00:00+00:00,2021-08-18T09:00:00-04:00,20915.283,21907,21235.1416
10,10,2021-08-18T14:00:00+00:00,2021-08-18T10:00:00-04:00,21791.56,22549,22118.78027
11,11,2021-08-18T15:00:00+00:00,2021-08-18T11:00:00-04:00,22471.07,23130,22841.53516
12,12,2021-08-18T16:00:00+00:00,2021-08-18T12:00:00-04:00,22583.617,23563,23201.80859
13,13,2021-08-18T17:00:00+00:00,2021-08-18T13:00:00-04:00,22630.814,23972,23459.40723
14,14,2021-08-18T18:00:00+00:00,2021-08-18T14:00:00-04:00,23428.002,24267,23968.50098
15,15,2021-08-18T19:00:00+00:00,2021-08-18T15:00:00-04:00,23619.37,24616,24134.68457
16,16,2021-08-18T20:00:00+00:00,2021-08-18T16:00:00-04:00,23879.826,24964,24300.91309
17,17,2021-08-18T21:00:00+00:00,2021-08-18T17:00:00-04:00,23810.215,25042,24196.10742
18,18,2021-08-18T22:00:00+00:00,2021-08-18T18:00:00-04:00,23629.99,24533,23814.99512
19,19,2021-08-18T23:00:00+00:00,2021-08-18T19:00:00-04:00,22876.71,24094,23173.35547
20,20,2021-08-19T00:00:00+00:00,2021-08-18T20:00:00-04:00,22847.738,23916,23011.36914
21,21,2021-08-19T01:00:00+00:00,2021-08-18T21:00:00-04:00,22394.062,23198,22289.53125
22,22,2021-08-19T02:00:00+00:00,2021-08-18T22:00:00-04:00,21475.58,22044,21191.79004
23,23,2021-08-19T03:00:00+00:00,2021-08-18T23:00:00-04:00,20080.486,20754,19828.24316
0,0,2021-08-19T04:00:00+00:00,2021-08-19T00:00:00-04:00,18996.254,19730,18978.62695
1,1,2021-08-19T05:00:00+00:00,2021-08-19T01:00:00-04:00,18163.629,19023,18194.31445
2,2,2021-08-19T06:00:00+00:00,2021-08-19T02:00:00-04:00,17549.477,18521,17602.23828
3,3,2021-08-19T07:00:00+00:00,2021-08-19T03:00:00-04:00,17568.271,18286,17448.63574
4,4,2021-08-19T08:00:00+00:00,2021-08-19T04:00:00-04:00,17524.568,18352,17433.28418
5,5,2021-08-19T09:00:00+00:00,2021-08-19T05:00:00-04:00,17912.193,18874,17906.09668
6,6,2021-08-19T10:00:00+00:00,2021-08-19T06:00:00-04:00,18930.041,19900,18895.02051
7,7,2021-08-19T11:00:00+00:00,2021-08-19T07:00:00-04:00,20015.18,21122,20051.08984
8,8,2021-08-19T12:00:00+00:00,2021-08-19T08:00:00-04:00,21166.127,22213,21222.56348
9,9,2021-08-19T13:00:00+00:00,2021-08-19T09:00:00-04:00,21826.473,22998,22019.73633
10,10,2021-08-19T14:00:00+00:00,2021-08-19T10:00:00-04:00,22439.545,23544,22787.77246
11,11,2021-08-19T15:00:00+00:00,2021-08-19T11:00:00-04:00,23068.242,24139,23493.12109
12,12,2021-08-19T16:00:00+00:00,2021-08-19T12:00:00-04:00,23845.441,24577,24195.7207
13,13,2021-08-19T17:00:00+00:00,2021-08-19T13:00:00-04:00,23881.559,25094,24486.7793
14,14,2021-08-19T18:00:00+00:00,2021-08-19T14:00:00-04:00,24164.758,25535,24763.37891
15,15,2021-08-19T19:00:00+00:00,2021-08-19T15:00:00-04:00,24618.4,25900,25062.7002
16,16,2021-08-19T20:00:00+00:00,2021-08-19T16:00:00-04:00,24879.285,26361,25296.64258
17,17,2021-08-19T21:00:00+00:00,2021-08-19T17:00:00-04:00,24898.646,26518,25351.32324
18,18,2021-08-19T22:00:00+00:00,2021-08-19T18:00:00-04:00,24716.572,25939,24968.28613
19,19,2021-08-19T23:00:00+00:00,2021-08-19T19:00:00-04:00,24417.027,25095,24537.01367
20,20,2021-08-20T00:00:00+00:00,2021-08-19T20:00:00-04:00,24041.633,24576,24097.81641
21,21,2021-08-20T01:00:00+00:00,2021-08-19T21:00:00-04:00,23506.826,23676,23279.41309
22,22,2021-08-20T02:00:00+00:00,2021-08-19T22:00:00-04:00,21881.434,22289,21783.7168
23,23,2021-08-20T03:00:00+00:00,2021-08-19T23:00:00-04:00,20600.918,20838,20445.95898
0,0,2021-08-20T04:00:00+00:00,2021-08-20T00:00:00-04:00,19629.268,19570,19525.63379
1,1,2021-08-20T05:00:00+00:00,2021-08-20T01:00:00-04:00,18718.213,18616,18609.60645
2,2,2021-08-20T06:00:00+00:00,2021-08-20T02:00:00-04:00,17997.066,17957,17902.5332
3,3,2021-08-20T07:00:00+00:00,2021-08-20T03:00:00-04:00,17502.742,17546,17434.87109
4,4,2021-08-20T08:00:00+00:00,2021-08-20T04:00:00-04:00,17591.021,17476,17432.01074
5,5,2021-08-20T09:00:00+00:00,2021-08-20T05:00:00-04:00,17661.578,17925,17674.78906
6,6,2021-08-20T10:00:00+00:00,2021-08-20T06:00:00-04:00,18589.635,18824,18556.31738
7,7,2021-08-20T11:00:00+00:00,2021-08-20T07:00:00-04:00,19964.836,19974,19806.41797
8,8,2021-08-20T12:00:00+00:00,2021-08-20T08:00:00-04:00,21272.021,21075,21018.51074
9,9,2021-08-20T13:00:00+00:00,2021-08-20T09:00:00-04:00,21899.902,22060,21808.45117
10,10,2021-08-20T14:00:00+00:00,2021-08-20T10:00:00-04:00,23192.1,22846,22922.5498
11,11,2021-08-20T15:00:00+00:00,2021-08-20T11:00:00-04:00,24076.6,23586,23801.7998
12,12,2021-08-20T16:00:00+00:00,2021-08-20T12:00:00-04:00,24743.266,24157,24482.13281
13,13,2021-08-20T17:00:00+00:00,2021-08-20T13:00:00-04:00,26122.514,24620,25476.25684
14,14,2021-08-20T18:00:00+00:00,2021-08-20T14:00:00-04:00,26844.365,25022,26046.18262
15,15,2021-08-20T19:00:00+00:00,2021-08-20T15:00:00-04:00,26786.389,25339,26171.19434
16,16,2021-08-20T20:00:00+00:00,2021-08-20T16:00:00-04:00,27281.238,25560,26546.11914
17,17,2021-08-20T21:00:00+00:00,2021-08-20T17:00:00-04:00,27576.99,25484,26639.49512
18,18,2021-08-20T22:00:00+00:00,2021-08-20T18:00:00-04:00,27150.838,24906,26043.41895
19,19,2021-08-20T23:00:00+00:00,2021-08-20T19:00:00-04:00,26309.818,24274,25278.40918
20,20,2021-08-21T00:00:00+00:00,2021-08-20T20:00:00-04:00,25622.31,23825,24637.15527
21,21,2021-08-21T01:00:00+00:00,2021-08-20T21:00:00-04:00,25036.115,22957,23867.05762
22,22,2021-08-21T02:00:00+00:00,2021-08-20T22:00:00-04:00,22716.826,21688,22124.41309
23,23,2021-08-21T03:00:00+00:00,2021-08-20T23:00:00-04:00,20728.398,20422,20535.69922
0,0,2021-08-21T04:00:00+00:00,2021-08-21T00:00:00-04:00,19347.205,19295,19216.10254
1,1,2021-08-21T05:00:00+00:00,2021-08-21T01:00:00-04:00,18278.969,18409,18217.98438
2,2,2021-08-21T06:00:00+00:00,2021-08-21T02:00:00-04:00,17799.32,17715,17629.16016
3,3,2021-08-21T07:00:00+00:00,2021-08-21T03:00:00-04:00,17223.787,17267,17111.39355
4,4,2021-08-21T08:00:00+00:00,2021-08-21T04:00:00-04:00,16790.135,17048,16759.56738
5,5,2021-08-21T09:00:00+00:00,2021-08-21T05:00:00-04:00,16700.025,17122,16720.0127
6,6,2021-08-21T10:00:00+00:00,2021-08-21T06:00:00-04:00,16682.385,17396,16799.19238
7,7,2021-08-21T11:00:00+00:00,2021-08-21T07:00:00-04:00,17151.977,18137,17381.98828
8,8,2021-08-21T12:00:00+00:00,2021-08-21T08:00:00-04:00,18331.219,19216,18531.10938
9,9,2021-08-21T13:00:00+00:00,2021-08-21T09:00:00-04:00,19222.365,20220,19534.18262
10,10,2021-08-21T14:00:00+00:00,2021-08-21T10:00:00-04:00,20517.85,21307,20750.9248
11,11,2021-08-21T15:00:00+00:00,2021-08-21T11:00:00-04:00,21343.996,22175,21599.99805
12,12,2021-08-21T16:00:00+00:00,2021-08-21T12:00:00-04:00,21816.223,22728,22204.61133
13,13,2021-08-21T17:00:00+00:00,2021-08-21T13:00:00-04:00,22664.74,23173,22809.37012
14,14,2021-08-21T18:00:00+00:00,2021-08-21T14:00:00-04:00,23399.312,23479,23421.15625
15,15,2021-08-21T19:00:00+00:00,2021-08-21T15:00:00-04:00,23898.457,23632,23911.22852
16,16,2021-08-21T20:00:00+00:00,2021-08-21T16:00:00-04:00,24574.824,23784,24483.91211
17,17,2021-08-21T21:00:00+00:00,2021-08-21T17:00:00-04:00,24899.434,23909,24714.2168
18,18,2021-08-21T22:00:00+00:00,2021-08-21T18:00:00-04:00,24708.025,23778,24421.5127
19,19,2021-08-21T23:00:00+00:00,2021-08-21T19:00:00-04:00,24379.25,23500,23999.125
20,20,2021-08-22T00:00:00+00:00,2021-08-21T20:00:00-04:00,23879.752,23120,23530.87598
21,21,2021-08-22T01:00:00+00:00,2021-08-21T21:00:00-04:00,23362,22345,22857.5
22,22,2021-08-22T02:00:00+00:00,2021-08-21T22:00:00-04:00,22053.646,21323,21657.32324
23,23,2021-08-22T03:00:00+00:00,2021-08-21T23:00:00-04:00,20477.37,20252,20288.18457
0,0,2021-08-22T04:00:00+00:00,2021-08-22T00:00:00-04:00,19352.84,19254,19174.41992
1,1,2021-08-22T05:00:00+00:00,2021-08-22T01:00:00-04:00,18573.207,18436,18343.60352
2,2,2021-08-22T06:00:00+00:00,2021-08-22T02:00:00-04:00,17981.393,17858,17698.69629
3,3,2021-08-22T07:00:00+00:00,2021-08-22T03:00:00-04:00,17281.908,17408,17109.4541
4,4,2021-08-22T08:00:00+00:00,2021-08-22T04:00:00-04:00,16894.982,17139,16764.49121
5,5,2021-08-22T09:00:00+00:00,2021-08-22T05:00:00-04:00,16767.488,17104,16675.74414
6,6,2021-08-22T10:00:00+00:00,2021-08-22T06:00:00-04:00,16794.879,17180,16735.43945
7,7,2021-08-22T11:00:00+00:00,2021-08-22T07:00:00-04:00,17324.475,17586,17247.7373
8,8,2021-08-22T12:00:00+00:00,2021-08-22T08:00:00-04:00,18131.459,18337,18137.72949
9,9,2021-08-22T13:00:00+00:00,2021-08-22T09:00:00-04:00,19122.402,19161,19134.70117
10,10,2021-08-22T14:00:00+00:00,2021-08-22T10:00:00-04:00,20198.375,20009,20177.6875
11,11,2021-08-22T15:00:00+00:00,2021-08-22T11:00:00-04:00,20745.293,20717,20817.14648
12,12,2021-08-22T16:00:00+00:00,2021-08-22T12:00:00-04:00,21298.826,21182,21377.91309
13,13,2021-08-22T17:00:00+00:00,2021-08-22T13:00:00-04:00,21626.074,21452,21651.53711
14,14,2021-08-22T18:00:00+00:00,2021-08-22T14:00:00-04:00,22509.98,21522,22251.99023
15,15,2021-08-22T19:00:00+00:00,2021-08-22T15:00:00-04:00,22643.838,21579,22478.91895
16,16,2021-08-22T20:00:00+00:00,2021-08-22T16:00:00-04:00,22905.414,21720,22814.20703
17,17,2021-08-22T21:00:00+00:00,2021-08-22T17:00:00-04:00,22695.4,21964,22843.7002
18,18,2021-08-22T22:00:00+00:00,2021-08-22T18:00:00-04:00,22697.281,21937,22754.64063
19,19,2021-08-22T23:00:00+00:00,2021-08-22T19:00:00-04:00,23109.672,21700,22803.83594
20,20,2021-08-23T00:00:00+00:00,2021-08-22T20:00:00-04:00,23050.986,21426,22705.49316
21,21,2021-08-23T01:00:00+00:00,2021-08-22T21:00:00-04:00,22428.816,20769,22016.4082
22,22,2021-08-23T02:00:00+00:00,2021-08-22T22:00:00-04:00,22022.871,19816,21241.43555
23,23,2021-08-23T03:00:00+00:00,2021-08-22T23:00:00-04:00,20462.31,18774,19858.65527
0,0,2021-08-23T04:00:00+00:00,2021-08-23T00:00:00-04:00,19953.77,17842,19165.38477
1,1,2021-08-23T05:00:00+00:00,2021-08-23T01:00:00-04:00,18937.74,17201,18303.37012
2,2,2021-08-23T06:00:00+00:00,2021-08-23T02:00:00-04:00,18647.799,16799,17910.89941
3,3,2021-08-23T07:00:00+00:00,2021-08-23T03:00:00-04:00,18544.229,16635,17724.61426
4,4,2021-08-23T08:00:00+00:00,2021-08-23T04:00:00-04:00,18484.682,16773,17715.84082
5,5,2021-08-23T09:00:00+00:00,2021-08-23T05:00:00-04:00,19045.004,17448,18265.50195
6,6,2021-08-23T10:00:00+00:00,2021-08-23T06:00:00-04:00,20035.191,18541,19221.0957
7,7,2021-08-23T11:00:00+00:00,2021-08-23T07:00:00-04:00,20884.883,19714,20216.44141
8,8,2021-08-23T12:00:00+00:00,2021-08-23T08:00:00-04:00,21751.541,20833,21185.27051
9,9,2021-08-23T13:00:00+00:00,2021-08-23T09:00:00-04:00,22727.652,21764,22109.32617
10,10,2021-08-23T14:00:00+00:00,2021-08-23T10:00:00-04:00,24053.812,22461,23151.90625
11,11,2021-08-23T15:00:00+00:00,2021-08-23T11:00:00-04:00,24629.55,23147,23809.77539
12,12,2021-08-23T16:00:00+00:00,2021-08-23T12:00:00-04:00,25041.133,23696,24323.56641
13,13,2021-08-23T17:00:00+00:00,2021-08-23T13:00:00-04:00,25996.186,24177,25092.09277
14,14,2021-08-23T18:00:00+00:00,2021-08-23T14:00:00-04:00,26142.21,24571,25342.10547
15,15,2021-08-23T19:00:00+00:00,2021-08-23T15:00:00-04:00,26306.582,24927,25576.79102
16,16,2021-08-23T20:00:00+00:00,2021-08-23T16:00:00-04:00,26654.123,25311,25959.06152
17,17,2021-08-23T21:00:00+00:00,2021-08-23T17:00:00-04:00,26780.188,25440,26096.09375
18,18,2021-08-23T22:00:00+00:00,2021-08-23T18:00:00-04:00,26904.742,25172,25893.37109
19,19,2021-08-23T23:00:00+00:00,2021-08-23T19:00:00-04:00,26841.389,24396,25640.69434
20,20,2021-08-24T00:00:00+00:00,2021-08-23T20:00:00-04:00,26527.46,23802,25253.23047
21,21,2021-08-24T01:00:00+00:00,2021-08-23T21:00:00-04:00,25383.375,22745,24214.1875
22,22,2021-08-24T02:00:00+00:00,2021-08-23T22:00:00-04:00,23597.133,21365,22640.06641
23,23,2021-08-24T03:00:00+00:00,2021-08-23T23:00:00-04:00,22100.576,19940,21198.28809
0,0,2021-08-24T04:00:00+00:00,2021-08-24T00:00:00-04:00,20306.67,18695,19428.83496
1,1,2021-08-24T05:00:00+00:00,2021-08-24T01:00:00-04:00,19313.342,17815,18512.6709
2,2,2021-08-24T06:00:00+00:00,2021-08-24T02:00:00-04:00,18565.842,17177,17850.4209
3,3,2021-08-24T07:00:00+00:00,2021-08-24T03:00:00-04:00,18153.035,16798,17465.01758
4,4,2021-08-24T08:00:00+00:00,2021-08-24T04:00:00-04:00,18046.041,16828,17384.02051
5,5,2021-08-24T09:00:00+00:00,2021-08-24T05:00:00-04:00,18612.857,17383,17871.42871
6,6,2021-08-24T10:00:00+00:00,2021-08-24T06:00:00-04:00,19478.686,18396,18764.34277
7,7,2021-08-24T11:00:00+00:00,2021-08-24T07:00:00-04:00,20758.549,19781,19979.77441
8,8,2021-08-24T12:00:00+00:00,2021-08-24T08:00:00-04:00,21701.879,21171,20984.93945
9,9,2021-08-24T13:00:00+00:00,2021-08-24T09:00:00-04:00,22649.832,22348,21922.41602
10,10,2021-08-24T14:00:00+00:00,2021-08-24T10:00:00-04:00,23930.387,23422,23023.69336
11,11,2021-08-24T15:00:00+00:00,2021-08-24T11:00:00-04:00,24717.53,24421,23916.26465
12,12,2021-08-24T16:00:00+00:00,2021-08-24T12:00:00-04:00,26346.127,25370,25164.56348
13,13,2021-08-24T17:00:00+00:00,2021-08-24T13:00:00-04:00,27041.88,26278,25941.44043
14,14,2021-08-24T18:00:00+00:00,2021-08-24T14:00:00-04:00,27565.14,27029,26538.07031
15,15,2021-08-24T19:00:00+00:00,2021-08-24T15:00:00-04:00,28476.453,27654,27321.72656
16,16,2021-08-24T20:00:00+00:00,2021-08-24T16:00:00-04:00,29023.73,28144,27928.36523
17,17,2021-08-24T21:00:00+00:00,2021-08-24T17:00:00-04:00,29190.8,28309,28180.90039
18,18,2021-08-24T22:00:00+00:00,2021-08-24T18:00:00-04:00,28713.625,27732,27668.3125
19,19,2021-08-24T23:00:00+00:00,2021-08-24T19:00:00-04:00,28092.885,26623,27003.44238
20,20,2021-08-25T00:00:00+00:00,2021-08-24T20:00:00-04:00,27453.275,25813,26278.1377
21,21,2021-08-25T01:00:00+00:00,2021-08-24T21:00:00-04:00,26437.074,24480,25249.53711
22,22,2021-08-25T02:00:00+00:00,2021-08-24T22:00:00-04:00,23741.838,22772,23170.41895
23,23,2021-08-25T03:00:00+00:00,2021-08-24T23:00:00-04:00,22113.924,21154,21605.46191
0,0,2021-08-25T04:00:00+00:00,2021-08-25T00:00:00-04:00,20462.506,19767,19824.25293
1,1,2021-08-25T05:00:00+00:00,2021-08-25T01:00:00-04:00,19440.734,18746,18784.36719
2,2,2021-08-25T06:00:00+00:00,2021-08-25T02:00:00-04:00,18727.428,17959,18075.71387
3,3,2021-08-25T07:00:00+00:00,2021-08-25T03:00:00-04:00,17976.266,17493,17489.13281
4,4,2021-08-25T08:00:00+00:00,2021-08-25T04:00:00-04:00,17771.744,17380,17332.87207
5,5,2021-08-25T09:00:00+00:00,2021-08-25T05:00:00-04:00,18209.793,17828,17746.89648
6,6,2021-08-25T10:00:00+00:00,2021-08-25T06:00:00-04:00,18930.904,18711,18587.95215
7,7,2021-08-25T11:00:00+00:00,2021-08-25T07:00:00-04:00,19571.113,19998,19513.55664
8,8,2021-08-25T12:00:00+00:00,2021-08-25T08:00:00-04:00,21049.078,21372,20818.53906
9,9,2021-08-25T13:00:00+00:00,2021-08-25T09:00:00-04:00,21930.834,22569,21766.91699
10,10,2021-08-25T14:00:00+00:00,2021-08-25T10:00:00-04:00,23585.242,23767,23106.12109
11,11,2021-08-25T15:00:00+00:00,2021-08-25T11:00:00-04:00,24550.623,25074,24169.81152
12,12,2021-08-25T16:00:00+00:00,2021-08-25T12:00:00-04:00,26325.482,26248,25599.74121
13,13,2021-08-25T17:00:00+00:00,2021-08-25T13:00:00-04:00,27263.082,27351,26633.54102
14,14,2021-08-25T18:00:00+00:00,2021-08-25T14:00:00-04:00,27853.525,28203,27410.7627
15,15,2021-08-25T19:00:00+00:00,2021-08-25T15:00:00-04:00,28522.928,28729,28131.46387
16,16,2021-08-25T20:00:00+00:00,2021-08-25T16:00:00-04:00,29247.246,29228,28807.12305
17,17,2021-08-25T21:00:00+00:00,2021-08-25T17:00:00-04:00,29723.523,29287,29116.26172
18,18,2021-08-25T22:00:00+00:00,2021-08-25T18:00:00-04:00,29310.646,28599,28627.82324
19,19,2021-08-25T23:00:00+00:00,2021-08-25T19:00:00-04:00,28823.037,27692,27834.51855
20,20,2021-08-26T00:00:00+00:00,2021-08-25T20:00:00-04:00,28220.234,27059,27109.11719
21,21,2021-08-26T01:00:00+00:00,2021-08-25T21:00:00-04:00,26837.607,25876,25866.80371
22,22,2021-08-26T02:00:00+00:00,2021-08-25T22:00:00-04:00,24504.332,24206,23917.16602
23,23,2021-08-26T03:00:00+00:00,2021-08-25T23:00:00-04:00,22556.59,22587,22148.79492
0,0,2021-08-26T04:00:00+00:00,2021-08-26T00:00:00-04:00,20860.22,21207,20407.61035
1,1,2021-08-26T05:00:00+00:00,2021-08-26T01:00:00-04:00,19907.158,20152,19397.5791
2,2,2021-08-26T06:00:00+00:00,2021-08-26T02:00:00-04:00,19349.91,19397,18754.45508
3,3,2021-08-26T07:00:00+00:00,2021-08-26T03:00:00-04:00,18867.914,18921,18296.45703
4,4,2021-08-26T08:00:00+00:00,2021-08-26T04:00:00-04:00,18163.24,18804,17900.12012
5,5,2021-08-26T09:00:00+00:00,2021-08-26T05:00:00-04:00,18512.572,19261,18306.78613
6,6,2021-08-26T10:00:00+00:00,2021-08-26T06:00:00-04:00,19108.027,20203,19122.51367
7,7,2021-08-26T11:00:00+00:00,2021-08-26T07:00:00-04:00,20516.848,21518,20487.92383
8,8,2021-08-26T12:00:00+00:00,2021-08-26T08:00:00-04:00,22036.688,23002,21907.34375
9,9,2021-08-26T13:00:00+00:00,2021-08-26T09:00:00-04:00,22889.424,24400,22943.21191
10,10,2021-08-26T14:00:00+00:00,2021-08-26T10:00:00-04:00,25004.213,25848,24559.60645
11,11,2021-08-26T15:00:00+00:00,2021-08-26T11:00:00-04:00,27227.898,27216,26251.44922
12,12,2021-08-26T16:00:00+00:00,2021-08-26T12:00:00-04:00,28806.336,28303,27586.66797
13,13,2021-08-26T17:00:00+00:00,2021-08-26T13:00:00-04:00,29968.258,29195,28708.12891
14,14,2021-08-26T18:00:00+00:00,2021-08-26T14:00:00-04:00,30531.576,29823,29433.28809
15,15,2021-08-26T19:00:00+00:00,2021-08-26T15:00:00-04:00,30319.615,30070,29649.30762
16,16,2021-08-26T20:00:00+00:00,2021-08-26T16:00:00-04:00,31026.627,30309,30222.31348
17,17,2021-08-26T21:00:00+00:00,2021-08-26T17:00:00-04:00,31417.867,30148,30422.93359
18,18,2021-08-26T22:00:00+00:00,2021-08-26T18:00:00-04:00,31052.203,29369,29970.10156
19,19,2021-08-26T23:00:00+00:00,2021-08-26T19:00:00-04:00,30268.557,28583,28977.27832
20,20,2021-08-27T00:00:00+00:00,2021-08-26T20:00:00-04:00,29346.107,27952,28100.05371
21,21,2021-08-27T01:00:00+00:00,2021-08-26T21:00:00-04:00,28381.56,26629,26966.28027
22,22,2021-08-27T02:00:00+00:00,2021-08-26T22:00:00-04:00,25797.178,24979,24836.08887
23,23,2021-08-27T03:00:00+00:00,2021-08-26T23:00:00-04:00,23303.324,23361,22742.16211
0,0,2021-08-27T04:00:00+00:00,2021-08-27T00:00:00-04:00,21747.688,21948,21199.34375
1,1,2021-08-27T05:00:00+00:00,2021-08-27T01:00:00-04:00,20474.39,20861,20024.19531
2,2,2021-08-27T06:00:00+00:00,2021-08-27T02:00:00-04:00,19600.9,20038,19209.4502
3,3,2021-08-27T07:00:00+00:00,2021-08-27T03:00:00-04:00,18849.65,19543,18592.8252
4,4,2021-08-27T08:00:00+00:00,2021-08-27T04:00:00-04:00,18715.002,19391,18460.00098
5,5,2021-08-27T09:00:00+00:00,2021-08-27T05:00:00-04:00,19088.846,19810,18842.42285
6,6,2021-08-27T10:00:00+00:00,2021-08-27T06:00:00-04:00,19675.344,20725,19598.17188
7,7,2021-08-27T11:00:00+00:00,2021-08-27T07:00:00-04:00,20403.59,21989,20572.29492
8,8,2021-08-27T12:00:00+00:00,2021-08-27T08:00:00-04:00,22270.064,23408,22151.03223
9,9,2021-08-27T13:00:00+00:00,2021-08-27T09:00:00-04:00,23589.945,24635,23401.97266
10,10,2021-08-27T14:00:00+00:00,2021-08-27T10:00:00-04:00,25161.932,25907,24692.96582
11,11,2021-08-27T15:00:00+00:00,2021-08-27T11:00:00-04:00,27281.951,27025,26231.97559
12,12,2021-08-27T16:00:00+00:00,2021-08-27T12:00:00-04:00,29178.184,27906,27613.0918
13,13,2021-08-27T17:00:00+00:00,2021-08-27T13:00:00-04:00,29407.28,28577,28115.63965
14,14,2021-08-27T18:00:00+00:00,2021-08-27T14:00:00-04:00,29938.541,28956,28713.27051
15,15,2021-08-27T19:00:00+00:00,2021-08-27T15:00:00-04:00,30041.367,28960,28941.18359
16,16,2021-08-27T20:00:00+00:00,2021-08-27T16:00:00-04:00,30050.604,28765,29034.80176
17,17,2021-08-27T21:00:00+00:00,2021-08-27T17:00:00-04:00,29843.996,28012,28834.49805
18,18,2021-08-27T22:00:00+00:00,2021-08-27T18:00:00-04:00,29791.111,26962,28435.05566
19,19,2021-08-27T23:00:00+00:00,2021-08-27T19:00:00-04:00,29172.246,26027,27546.12305
20,20,2021-08-28T00:00:00+00:00,2021-08-27T20:00:00-04:00,27910.605,25373,26465.30273
21,21,2021-08-28T01:00:00+00:00,2021-08-27T21:00:00-04:00,27076.373,24377,25422.18652
22,22,2021-08-28T02:00:00+00:00,2021-08-27T22:00:00-04:00,24382.236,23024,23359.61816
23,23,2021-08-28T03:00:00+00:00,2021-08-27T23:00:00-04:00,21939.898,21683,21428.44922
0,0,2021-08-28T04:00:00+00:00,2021-08-28T00:00:00-04:00,19758.213,20494,19570.10645
1,1,2021-08-28T05:00:00+00:00,2021-08-28T01:00:00-04:00,18875.393,19581,18714.19629
2,2,2021-08-28T06:00:00+00:00,2021-08-28T02:00:00-04:00,18415.13,18884,18176.56543
3,3,2021-08-28T07:00:00+00:00,2021-08-28T03:00:00-04:00,17624.969,18374,17569.48438
4,4,2021-08-28T08:00:00+00:00,2021-08-28T04:00:00-04:00,17251.973,18069,17273.48633
5,5,2021-08-28T09:00:00+00:00,2021-08-28T05:00:00-04:00,16867.957,17972,17077.47852
6,6,2021-08-28T10:00:00+00:00,2021-08-28T06:00:00-04:00,16646.898,17974,17032.44922
7,7,2021-08-28T11:00:00+00:00,2021-08-28T07:00:00-04:00,17034.688,18139,17412.84375
8,8,2021-08-28T12:00:00+00:00,2021-08-28T08:00:00-04:00,17984.043,18802,18196.52148
9,9,2021-08-28T13:00:00+00:00,2021-08-28T09:00:00-04:00,18959.895,19413,19017.94727
10,10,2021-08-28T14:00:00+00:00,2021-08-28T10:00:00-04:00,19678.52,19890,19690.75977
11,11,2021-08-28T15:00:00+00:00,2021-08-28T11:00:00-04:00,19926.863,20400,20045.93164
12,12,2021-08-28T16:00:00+00:00,2021-08-28T12:00:00-04:00,20211.47,20777,20350.23535
13,13,2021-08-28T17:00:00+00:00,2021-08-28T13:00:00-04:00,20606.984,20896,20686.49219
14,14,2021-08-28T18:00:00+00:00,2021-08-28T14:00:00-04:00,20845.22,20897,20934.11035
15,15,2021-08-28T19:00:00+00:00,2021-08-28T15:00:00-04:00,20605.072,20852,20898.53613
16,16,2021-08-28T20:00:00+00:00,2021-08-28T16:00:00-04:00,20785.604,20889,21085.80176
17,17,2021-08-28T21:00:00+00:00,2021-08-28T17:00:00-04:00,20619.969,20929,21074.98438
18,18,2021-08-28T22:00:00+00:00,2021-08-28T18:00:00-04:00,20341.635,20740,20863.31738
19,19,2021-08-28T23:00:00+00:00,2021-08-28T19:00:00-04:00,20148.383,20497,20609.69141
20,20,2021-08-29T00:00:00+00:00,2021-08-28T20:00:00-04:00,19708.295,20313,20219.64746
21,21,2021-08-29T01:00:00+00:00,2021-08-28T21:00:00-04:00,19492.934,19736,19763.9668
22,22,2021-08-29T02:00:00+00:00,2021-08-28T22:00:00-04:00,18734.76,18884,18964.87988
23,23,2021-08-29T03:00:00+00:00,2021-08-28T23:00:00-04:00,17494.088,17957,17908.04395
0,0,2021-08-29T04:00:00+00:00,2021-08-29T00:00:00-04:00,18264.625,17049,17594.8125
1,1,2021-08-29T05:00:00+00:00,2021-08-29T01:00:00-04:00,17459.332,16312,16823.66602
2,2,2021-08-29T06:00:00+00:00,2021-08-29T02:00:00-04:00,17036.559,15794,16355.2793
3,3,2021-08-29T07:00:00+00:00,2021-08-29T03:00:00-04:00,16221.025,15470,15775.0127
4,4,2021-08-29T08:00:00+00:00,2021-08-29T04:00:00-04:00,15959.506,15304,15563.75293
5,5,2021-08-29T09:00:00+00:00,2021-08-29T05:00:00-04:00,15845.32,15336,15533.16016
6,6,2021-08-29T10:00:00+00:00,2021-08-29T06:00:00-04:00,15598.399,15496,15475.19971
7,7,2021-08-29T11:00:00+00:00,2021-08-29T07:00:00-04:00,16493.207,15907,16126.10352
8,8,2021-08-29T12:00:00+00:00,2021-08-29T08:00:00-04:00,16993.22,16719,16770.11035
9,9,2021-08-29T13:00:00+00:00,2021-08-29T09:00:00-04:00,17582.852,17558,17507.92578
10,10,2021-08-29T14:00:00+00:00,2021-08-29T10:00:00-04:00,18140.48,18309,18226.24023
11,11,2021-08-29T15:00:00+00:00,2021-08-29T11:00:00-04:00,18545.209,19007,18808.10449
12,12,2021-08-29T16:00:00+00:00,2021-08-29T12:00:00-04:00,19386.938,19649,19517.96875
13,13,2021-08-29T17:00:00+00:00,2021-08-29T13:00:00-04:00,19281.486,19996,19715.74316
14,14,2021-08-29T18:00:00+00:00,2021-08-29T14:00:00-04:00,19629.854,20155,20116.42676
15,15,2021-08-29T19:00:00+00:00,2021-08-29T15:00:00-04:00,20220.979,20436,20611.98926
16,16,2021-08-29T20:00:00+00:00,2021-08-29T16:00:00-04:00,20537.496,21009,21003.24805
17,17,2021-08-29T21:00:00+00:00,2021-08-29T17:00:00-04:00,20943.281,21480,21380.64063
18,18,2021-08-29T22:00:00+00:00,2021-08-29T18:00:00-04:00,21139.633,21553,21455.81641
19,19,2021-08-29T23:00:00+00:00,2021-08-29T19:00:00-04:00,20703.037,21492,21201.01855
20,20,2021-08-30T00:00:00+00:00,2021-08-29T20:00:00-04:00,20805.332,21393,21139.16602
21,21,2021-08-30T01:00:00+00:00,2021-08-29T21:00:00-04:00,19982.6,20757,20392.7998
22,22,2021-08-30T02:00:00+00:00,2021-08-29T22:00:00-04:00,19565.986,19763,19694.49316
23,23,2021-08-30T03:00:00+00:00,2021-08-29T23:00:00-04:00,18795.049,18771,18799.52441
0,0,2021-08-30T04:00:00+00:00,2021-08-30T00:00:00-04:00,18557.238,17883,18115.11914
1,1,2021-08-30T05:00:00+00:00,2021-08-30T01:00:00-04:00,17944.32,17249,17482.16016
2,2,2021-08-30T06:00:00+00:00,2021-08-30T02:00:00-04:00,17619.973,16829,17084.48633
3,3,2021-08-30T07:00:00+00:00,2021-08-30T03:00:00-04:00,17356.195,16640,16832.09766
4,4,2021-08-30T08:00:00+00:00,2021-08-30T04:00:00-04:00,17073.346,16764,16737.67285
5,5,2021-08-30T09:00:00+00:00,2021-08-30T05:00:00-04:00,17847.596,17479,17463.29785
6,6,2021-08-30T10:00:00+00:00,2021-08-30T06:00:00-04:00,18870.035,18692,18491.51758
7,7,2021-08-30T11:00:00+00:00,2021-08-30T07:00:00-04:00,20048.857,19934,19696.42871
8,8,2021-08-30T12:00:00+00:00,2021-08-30T08:00:00-04:00,21396.36,21107,21017.67969
9,9,2021-08-30T13:00:00+00:00,2021-08-30T09:00:00-04:00,21900.76,22023,21789.87988
10,10,2021-08-30T14:00:00+00:00,2021-08-30T10:00:00-04:00,23015.182,22890,22775.09082
11,11,2021-08-30T15:00:00+00:00,2021-08-30T11:00:00-04:00,24200.441,23708,23765.7207
12,12,2021-08-30T16:00:00+00:00,2021-08-30T12:00:00-04:00,25431.477,24443,24678.73828
13,13,2021-08-30T17:00:00+00:00,2021-08-30T13:00:00-04:00,26390.174,25150,25403.08691
14,14,2021-08-30T18:00:00+00:00,2021-08-30T14:00:00-04:00,26715.496,25863,25734.74805
15,15,2021-08-30T19:00:00+00:00,2021-08-30T15:00:00-04:00,27159.434,26347,26030.2168
16,16,2021-08-30T20:00:00+00:00,2021-08-30T16:00:00-04:00,27742.965,26859,26393.98242
17,17,2021-08-30T21:00:00+00:00,2021-08-30T17:00:00-04:00,27740.23,26910,26367.11523
18,18,2021-08-30T22:00:00+00:00,2021-08-30T18:00:00-04:00,27509.27,26165,25995.13477
19,19,2021-08-30T23:00:00+00:00,2021-08-30T19:00:00-04:00,26303.822,25325,25200.91113
20,20,2021-08-31T00:00:00+00:00,2021-08-30T20:00:00-04:00,25245.42,24702,24456.20996
21,21,2021-08-31T01:00:00+00:00,2021-08-30T21:00:00-04:00,24306.637,23507,23453.81836
22,22,2021-08-31T02:00:00+00:00,2021-08-30T22:00:00-04:00,22678.775,21991,21923.8877
23,23,2021-08-31T03:00:00+00:00,2021-08-30T23:00:00-04:00,21215.83,20488,20482.41504
0,0,2021-08-31T04:00:00+00:00,2021-08-31T00:00:00-04:00,19740.984,19224,19002.99219
1,1,2021-08-31T05:00:00+00:00,2021-08-31T01:00:00-04:00,18577.719,18273,17995.85938
2,2,2021-08-31T06:00:00+00:00,2021-08-31T02:00:00-04:00,17873.152,17579,17322.07617
3,3,2021-08-31T07:00:00+00:00,2021-08-31T03:00:00-04:00,17370.094,17121,16878.04688
4,4,2021-08-31T08:00:00+00:00,2021-08-31T04:00:00-04:00,17156.83,17051,16742.41504
5,5,2021-08-31T09:00:00+00:00,2021-08-31T05:00:00-04:00,17548.447,17547,17197.72363
6,6,2021-08-31T10:00:00+00:00,2021-08-31T06:00:00-04:00,18294.371,18523,18061.68555
7,7,2021-08-31T11:00:00+00:00,2021-08-31T07:00:00-04:00,18997.965,19571,18959.98242
8,8,2021-08-31T12:00:00+00:00,2021-08-31T08:00:00-04:00,20600.611,20609,20287.30566
9,9,2021-08-31T13:00:00+00:00,2021-08-31T09:00:00-04:00,21131.383,21358,20955.69141
10,10,2021-08-31T14:00:00+00:00,2021-08-31T10:00:00-04:00,22548.812,22140,22004.40625
11,11,2021-08-31T15:00:00+00:00,2021-08-31T11:00:00-04:00,23332.992,22937,22734.49609
12,12,2021-08-31T16:00:00+00:00,2021-08-31T12:00:00-04:00,24478.154,23733,23572.57715
13,13,2021-08-31T17:00:00+00:00,2021-08-31T13:00:00-04:00,25361.295,24243,24254.64746
14,14,2021-08-31T18:00:00+00:00,2021-08-31T14:00:00-04:00,26125.047,24537,24842.52344
15,15,2021-08-31T19:00:00+00:00,2021-08-31T15:00:00-04:00,26523.74,24638,25132.37012
16,16,2021-08-31T20:00:00+00:00,2021-08-31T16:00:00-04:00,26832.95,24772,25346.97461
17,17,2021-08-31T21:00:00+00:00,2021-08-31T17:00:00-04:00,26009.746,24484,24875.87305
18,18,2021-08-31T22:00:00+00:00,2021-08-31T18:00:00-04:00,25337.127,23780,24243.06348
19,19,2021-08-31T23:00:00+00:00,2021-08-31T19:00:00-04:00,25042.549,23129,23808.27441
20,20,2021-09-01T00:00:00+00:00,2021-08-31T20:00:00-04:00,23940.164,22611,22994.08203
21,21,2021-09-01T01:00:00+00:00,2021-08-31T21:00:00-04:00,22664.387,21585,21807.69336
22,22,2021-09-01T02:00:00+00:00,2021-08-31T22:00:00-04:00,21096.93,20288,20344.46484
23,23,2021-09-01T03:00:00+00:00,2021-08-31T23:00:00-04:00,19643.877,18986,18975.43848
